,fare,sex
0,7.8292,male
1,7.0,female
2,9.6875,male
3,8.6625,male
4,12.2875,female
5,9.225,male
6,7.6292,female
7,29.0,male
8,7.2292,female
9,24.15,male
10,7.8958,male
11,26.0,male
12,82.2667,female
13,26.0,male
14,61.175,female
15,27.7208,female
16,12.35,male
17,7.225,male
18,7.925,female
19,7.225,female
20,59.4,male
21,3.1708,male
22,31.6833,female
23,61.3792,male
24,262.375,female
25,14.5,male
26,61.9792,female
27,7.225,male
28,30.5,male
29,21.6792,male
30,26.0,male
31,31.5,male
32,20.575,female
33,23.45,female
34,57.75,male
35,7.2292,male
36,8.05,female
37,8.6625,female
38,9.5,male
39,56.4958,male
40,13.4167,male
41,26.55,male
42,7.85,male
43,13.0,female
44,52.5542,female
45,7.925,male
46,29.7,male
47,7.75,male
48,76.2917,female
49,15.9,female
50,60.0,male
51,15.0333,male
52,23.0,female
53,263.0,female
54,15.5792,male
55,29.125,male
56,7.8958,male
57,7.65,male
58,16.1,male
59,262.375,female
60,7.8958,male
61,13.5,male
62,7.75,male
63,7.725,female
64,262.375,male
65,21.0,female
66,7.8792,female
67,42.4,male
68,28.5375,male
69,263.0,female
70,7.75,female
71,7.8958,male
72,7.925,female
73,27.7208,male
74,211.5,female
75,211.5,male
76,8.05,male
77,25.7,female
78,13.0,male
79,7.75,female
80,15.2458,male
81,221.7792,male
82,26.0,male
83,7.8958,male
84,10.7083,male
85,14.4542,male
86,7.8792,female
87,8.05,female
88,7.75,female
89,23.0,male
90,13.9,female
91,7.775,male
92,52.0,female
93,8.05,male
94,26.0,male
95,7.7958,male
96,78.85,female
97,7.925,male
98,7.8542,female
99,8.05,male
100,55.4417,female
101,26.0,male
102,7.75,male
103,7.775,male
104,8.5167,female
105,22.525,male
106,7.8208,male
107,7.75,male
108,8.7125,male
109,13.0,male
110,15.0458,male
111,7.7792,female
112,31.6792,female
113,7.2833,female
114,221.7792,female
115,14.4542,male
116,6.4375,male
117,16.7,female
118,75.2417,male
119,26.0,female
120,15.75,female
121,7.75,male
122,57.75,female
123,7.25,male
124,7.75,male
125,16.1,female
126,7.7958,male
127,23.25,female
128,13.0,male
129,8.05,male
130,8.05,male
131,28.5,male
132,25.4667,female
133,6.4375,male
134,7.8958,male
135,7.8542,male
136,7.225,male
137,13.0,male
138,8.05,female
139,46.9,male
140,46.9,female
141,151.55,female
142,262.375,male
143,26.0,male
144,26.55,male
145,18.0,male
146,51.8625,male
147,8.05,male
148,26.55,male
149,26.0,male
150,83.1583,female
151,7.8958,male
152,,male
153,12.1833,female
154,31.3875,male
155,7.55,male
156,221.7792,female
157,7.8542,female
158,26.55,male
159,13.775,female
160,7.7333,female
161,15.2458,male
162,13.5,female
163,7.0,male
164,13.0,male
165,22.025,female
166,50.4958,male
167,34.375,male
168,27.7208,female
169,8.9625,female
170,7.55,male
171,7.225,male
172,13.9,male
173,7.2292,male
174,31.3875,male
175,39.0,female
176,36.75,female
177,55.4417,male
178,39.0,female
179,83.1583,female
180,13.0,male
181,83.1583,male
182,53.1,female
183,7.75,male
184,247.5208,female
185,16.0,male
186,21.0,female
187,8.05,male
188,69.55,female
189,13.0,male
190,26.0,male
191,26.0,male
192,14.5,male
193,12.35,male
194,32.5,male
195,7.8542,male
196,134.5,male
197,7.775,female
198,10.5,male
199,8.1125,female
200,15.5,female
201,14.4,male
202,227.525,male
203,26.0,female
204,10.5,male
205,25.7417,male
206,7.75,female
207,10.5,male
208,27.7208,female
209,7.8958,male
210,22.525,male
211,7.05,male
212,73.5,male
213,26.0,female
214,7.775,female
215,42.5,male
216,7.8792,female
217,164.8667,male
218,211.5,female
219,8.05,male
220,13.8583,female
221,8.05,male
222,10.5,female
223,7.7958,male
224,27.4458,female
225,15.2458,female
226,7.7958,male
227,7.75,female
228,15.1,male
229,13.0,male
230,65.0,male
231,26.55,female
232,6.4958,male
233,7.8792,male
234,71.2833,male
235,7.8542,male
236,75.25,male
237,7.225,male
238,13.0,female
239,106.425,female
240,27.7208,female
241,30.0,female
242,134.5,male
243,7.8875,male
244,23.45,male
245,51.8625,male
246,21.0,female
247,32.5,male
248,26.0,female
249,14.4542,female
250,27.75,female
251,7.925,male
252,136.7792,male
253,9.325,male
254,9.5,male
255,7.55,male
256,7.75,male
257,8.05,male
258,13.0,female
259,7.775,male
260,17.4,male
261,7.8542,male
262,23.0,female
263,12.1833,female
264,12.7375,male
265,7.8958,male
266,0.0,male
267,7.55,male
268,8.05,female
269,8.6625,male
270,75.2417,male
271,7.75,male
272,136.7792,female
273,15.5,female
274,7.225,male
275,26.0,female
276,10.5,male
277,26.0,male
278,21.0,male
279,10.5,male
280,8.6625,female
281,13.775,male
282,7.75,female
283,15.2458,female
284,20.2125,female
285,7.25,male
286,7.25,male
287,82.2667,male
288,7.2292,male
289,8.05,male
290,39.6,male
291,6.95,female
292,7.2292,male
293,81.8583,male
294,9.5,male
295,7.8958,male
296,41.5792,female
297,21.6792,male
298,45.5,male
299,7.8542,male
300,7.775,male
301,15.0458,male
302,21.0,male
303,8.6625,male
304,7.75,female
305,26.55,female
306,151.55,male
307,9.35,male
308,93.5,male
309,14.1083,female
310,8.6625,male
311,7.225,male
312,7.575,male
313,7.75,female
314,135.6333,female
315,7.7333,female
316,146.5208,male
317,10.5,male
318,7.8542,male
319,31.5,male
320,7.775,male
321,7.2292,male
322,13.0,male
323,26.55,male
324,211.3375,female
325,7.05,male
326,39.0,female
327,79.2,male
328,26.0,male
329,13.0,male
330,36.75,female
331,29.7,male
332,7.225,male
333,15.7417,female
334,7.8958,male
335,26.0,male
336,13.0,male
337,7.2292,male
338,31.5,male
339,7.2292,male
340,10.5,male
341,7.5792,male
342,69.55,male
343,512.3292,female
344,14.5,male
345,7.65,female
346,13.0,male
347,7.2292,female
348,13.5,male
349,21.0,female
350,63.3583,female
351,10.5,male
352,73.5,male
353,65.0,male
354,20.575,female
355,26.0,male
356,51.4792,female
357,7.8792,male
358,7.75,male
359,15.55,female
360,69.55,male
361,37.0042,female
362,21.0,female
363,8.6625,male
364,55.4417,female
365,69.55,female
366,14.4583,male
367,39.6875,female
368,59.4,female
369,13.8583,male
370,11.5,male
371,134.5,female
372,0.0,male
373,13.0,male
374,81.8583,female
375,262.375,female
376,8.6625,female
377,11.5,male
378,50.0,male
379,31.3875,male
380,7.75,male
381,7.8792,male
382,14.5,female
383,16.1,female
384,12.875,male
385,65.0,female
386,7.775,male
387,13.0,male
388,7.75,male
389,21.075,male
390,93.5,male
391,39.4,female
392,20.25,male
393,10.5,male
394,22.025,male
395,60.0,female
396,7.25,male
397,79.2,female
398,7.775,male
399,7.7333,male
400,164.8667,female
401,21.0,male
402,59.4,female
403,47.1,male
404,27.7208,male
405,13.8625,male
406,10.5,male
407,211.5,male
408,7.7208,female
409,13.775,female
410,7.75,female
411,90.0,female
412,7.775,female
413,8.05,male
414,108.9,female
415,7.25,male
416,8.05,male
417,22.3583,male
